0,1
400.0,0.0
400.0,0.0
490.90008544921875,0.0
1301.31787109375,-0.28622448444366455
2309.39501953125,-0.5066326260566711
2749.95166015625,-0.4086734652519226
3009.143798828125,-0.35357141494750977
3205.060546875,-0.3306122422218323
3345.174072265625,-0.3015305995941162
3413.187255859375,-0.2846938669681549
3431.744873046875,-0.2709183692932129
3450.40966796875,-0.26326531171798706
3474.05322265625,-0.2571428716182709
3501.453369140625,-0.2571428716182709
3534.528076171875,-0.2540816366672516
3529.696044921875,-0.2448979616165161
3512.736572265625,-0.23724490404129028
3507.98681640625,-0.23724490404129028
3511.3359375,-0.23724490404129028
3533.2744140625,-0.23724490404129028
3550.61572265625,-0.23724490404129028
3518.5927734375,-0.234183669090271
3480.585693359375,-0.2280612289905548
3495.816162109375,-0.22959183156490326
3527.986083984375,-0.23571428656578064
3553.239013671875,-0.23724490404129028
3565.84765625,-0.23571428656578064
3541.821533203125,-0.22959183156490326
3521.552734375,-0.22499999403953552
3533.849365234375,-0.22653061151504517
3545.512939453125,-0.22959183156490326
3552.76025390625,-0.22959183156490326
3561.501708984375,-0.2280612289905548
3545.676513671875,-0.22346939146518707
3526.54931640625,-0.22040815651416779
3536.471923828125,-0.22346939146518707
3552.335693359375,-0.22499999403953552
3566.967529296875,-0.22346939146518707
3578.470703125,-0.22346939146518707
3573.925048828125,-0.22193877398967743
3556.43505859375,-0.22040815651416779
3545.9287109375,-0.22193877398967743
3549.9873046875,-0.22193877398967743
3564.992431640625,-0.22193877398967743
3578.814453125,-0.22346939146518707
3575.602783203125,-0.22193877398967743
3559.759521484375,-0.22040815651416779
3561.302001953125,-0.22193877398967743
3574.74951171875,-0.22346939146518707
3598.6083984375,-0.22499999403953552
3551.4847460457277,-0.22959183673469388
3416.024344574641,-0.23418367346938776
3334.9995626556774,-0.23418367346938776
3334.6756283488294,-0.23418367346938776
3371.1298456919503,-0.23571428571428574
3410.687346561218,-0.2372448979591837
3451.8132164188273,-0.2372448979591837
3479.7631585931795,-0.23571428571428574
3485.578456212823,-0.23418367346938776
3490.8257329261523,-0.23418367346938776
3495.103963803986,-0.23418367346938776
3506.1348330563587,-0.2357142857142857
3519.2344407862715,-0.2357142857142857
3504.4332224861937,-0.23265306122448978
3488.6406274075684,-0.22959183673469388
3494.5767506456973,-0.23112244897959186
3505.3386568853293,-0.23418367346938776
3526.5700555299845,-0.2357142857142857
3546.370890000553,-0.2357142857142857
3546.715243246761,-0.22959183673469388
3529.9662037532225,-0.22500000000000003
3506.918839436523,-0.22653061224489796
3501.6902392899074,-0.22959183673469385
3523.676511125159,-0.2326530612244898
3545.395926556067,-0.23418367346938776
3545.400915466231,-0.22806122448979593
3527.2164583418726,-0.22346938775510206
3505.7531569504026,-0.22653061224489796
3503.7446370765665,-0.22959183673469385
3525.184497829616,-0.23112244897959183
3543.7134881209986,-0.23265306122448978
3540.6273807772413,-0.22959183673469388
3518.5438797179613,-0.22653061224489798
3494.35390218784,-0.23112244897959186
3487.9443056053365,-0.23418367346938776
3502.0511628870095,-0.2357142857142857
3518.813357695656,-0.2357142857142857
3514.8057749021273,-0.23265306122448978
3495.374289242367,-0.23112244897959183
3478.4608948056766,-0.2326530612244898
3473.3789794655686,-0.23418367346938776
3488.507187424897,-0.2357142857142857
3504.088293770773,-0.2372448979591837
3483.020247427451,-0.23571428571428574
3461.785756364374,-0.23571428571428574
3466.310106552898,-0.23571428571428574
3468.772496143787,-0.23571428571428574
3479.567350957816,-0.2372448979591837
3492.5602498029048,-0.23877551020408166
3482.208182188678,-0.2372448979591837
3476.0941508902647,-0.23571428571428574
3487.0202626650716,-0.2372448979591837
3489.931583574813,-0.2372448979591837
3499.407473282261,-0.2372448979591837
3514.384802411949,-0.23877551020408166
3507.5220821924167,-0.2357142857142857
3489.6421864824606,-0.23418367346938776
3479.7585461492354,-0.2372448979591837
3488.423842305367,-0.2372448979591837
3527.5734166776547,-0.23571428571428574
3554.232587294291,-0.2372448979591837
3525.770009436227,-0.2326530612244898
3488.5205015093034,-0.22959183673469388
3477.6079212931463,-0.23418367346938776
3485.438032610682,-0.23571428571428574
3521.5706459255107,-0.23571428571428574
3548.2750607575517,-0.2372448979591837
3521.1795936292574,-0.2326530612244898
3488.1216041819225,-0.22806122448979593
3495.6891348532627,-0.23418367346938773
3513.403688748842,-0.23877551020408166
3536.0523741772604,-0.2357142857142857
3552.8550395521133,-0.23418367346938776
3519.0250264078504,-0.23112244897959186
3488.357098298205,-0.22806122448979593
3520.5975535987964,-0.23112244897959183
3540.4159859308143,-0.23418367346938776
3531.11862679513,-0.23265306122448978
3533.061344472312,-0.23265306122448978
3504.0655849774867,-0.23112244897959186
3476.581966162434,-0.22806122448979593
3514.161355776172,-0.23112244897959183
3536.3174886716206,-0.23418367346938776
3518.403279944773,-0.23265306122448978
3518.6097031377603,-0.23418367346938773
3497.6563032088907,-0.2326530612244898
3475.9712444351308,-0.22806122448979593
3517.8844366320345,-0.22959183673469385
3544.6218464423805,-0.23265306122448978
3501.8120475760957,-0.23112244897959186
3476.514279990649,-0.22806122448979593
3497.469928718833,-0.22806122448979593
3509.343804397355,-0.22806122448979593
3505.4844146251953,-0.23112244897959183
3496.501919916205,-0.22653061224489796
3462.3717449047276,-0.22653061224489796
3429.8869006321424,-0.23418367346938776
3445.750830837573,-0.24948979591836737
3531.2968937429814,-0.2816326530612245
3621.4703090830617,-0.26785714285714285
3620.6005800079934,-0.24183673469387756
3577.9319623425245,-0.23265306122448978
3564.7298980420956,-0.22653061224489796
3572.19931652737,-0.225
3558.7392451906,-0.21887755102040815
3565.3801995335098,-0.22193877551020408
3573.647317151236,-0.22499999999999998
3534.9768280601265,-0.2204081632653061
3507.3379737211367,-0.21581632653061222
3508.0396289776463,-0.22040816326530613
3520.1509321735784,-0.22653061224489796
3555.5194396662623,-0.23112244897959186
3574.513632937218,-0.23265306122448984
3538.1184802395437,-0.2295918367346939
3509.314816018765,-0.22806122448979593
3509.33549914396,-0.22806122448979593
3507.7567820372315,-0.22806122448979593
3530.8435572448143,-0.23112244897959186
3557.9160756113256,-0.23265306122448984
3525.3260625941098,-0.2295918367346939
3493.4016179081536,-0.22806122448979593
3489.465012908446,-0.22959183673469388
3490.6493021074402,-0.23112244897959186
3522.528035985507,-0.23418367346938776
3549.5456493990487,-0.2357142857142857
3526.3842578418867,-0.2326530612244898
3503.8622113539723,-0.23112244897959186
3511.712728587391,-0.23265306122448978
3515.5194674572085,-0.23265306122448978
3541.6484808830564,-0.23418367346938776
3562.796127268709,-0.23877551020408164
3519.5570199707654,-0.23571428571428574
3486.008708120671,-0.23112244897959186
3496.4764942023457,-0.23265306122448978
3496.5163673720244,-0.23418367346938773
3493.667444747489,-0.24030612244897964
3505.102052899534,-0.24336734693877554
3482.0436566659982,-0.23724489795918366
3464.651319337073,-0.23265306122448978
3485.912911124121,-0.2372448979591837
3495.2849626324605,-0.23877551020408166
3502.908235646052,-0.24030612244897964
3509.9183822132027,-0.24336734693877554
3482.506661844005,-0.24183673469387756
3459.13776469578,-0.2403061224489796
3470.128395020666,-0.2403061224489796
3478.549932808325,-0.24183673469387754
3513.2791852157325,-0.2433673469387755
3542.437393249058,-0.2464285714285714
3492.3093390709364,-0.24030612244897956
3453.2527674632584,-0.23418367346938773
3468.723291617157,-0.2387755102040816
3483.7295897011795,-0.24183673469387754
3509.4599201604256,-0.24336734693877551
3530.684424399972,-0.24642857142857144
3509.594884060047,-0.24183673469387754
3480.661010998425,-0.2387755102040816
3476.1678857682346,-0.24183673469387754
3475.5468460955235,-0.2433673469387755
3506.692684880225,-0.24642857142857144
3544.9334124994475,-0.2479591836734694
3525.4215531539303,-0.24030612244897956
3490.620834849182,-0.23724489795918363
3464.7582349352265,-0.24183673469387754
3455.3247262325276,-0.2433673469387755
3474.382840553116,-0.24489795918367346
3498.40458518898,-0.24642857142857144
3484.3179838014353,-0.24489795918367346
3460.647175688736,-0.24183673469387754
3477.890729204936,-0.24336734693877551
3491.9130936895986,-0.24489795918367346
3512.946403148696,-0.24642857142857144
3537.21822240616,-0.2479591836734694
3505.4371953658065,-0.24183673469387754
3469.894484966474,-0.2387755102040816
3481.330699474862,-0.24336734693877551
3492.4521144405835,-0.24642857142857144
3512.468487466546,-0.2479591836734694
3534.462757027489,-0.2479591836734694
3488.051196551226,-0.24183673469387754
3447.1896719329816,-0.2403061224489796
3489.2552429753905,-0.24642857142857144
3519.2524833405714,-0.2479591836734694
3517.291115549502,-0.24642857142857144
3523.1235125641606,-0.24642857142857144
3479.6964326638267,-0.24183673469387754
3438.0232483609607,-0.2403061224489796
3460.415358084324,-0.24489795918367346
3480.179248559827,-0.24642857142857144
3502.9413253841617,-0.24948979591836734
3525.1312479854314,-0.24948979591836734
3484.0329951397766,-0.24642857142857144
3445.944796833901,-0.24489795918367346
3480.7247803138794,-0.24795918367346936
3509.8573442700144,-0.2510204081632653
3523.369926861638,-0.2510204081632653
3530.118390517152,-0.24948979591836734
3479.3670580089356,-0.24642857142857144
3441.621154336099,-0.24642857142857144
3478.8301237771648,-0.24948979591836734
3505.6245329881076,-0.2510204081632653
3504.596739088767,-0.2510204081632653
3511.2066288188607,-0.2510204081632653
3473.0902199369057,-0.24795918367346942
3432.971681445644,-0.24489795918367346
3448.8583160879234,-0.24642857142857144
3484.278900633827,-0.24948979591836737
3524.8034870061356,-0.2510204081632653
3535.9753385364756,-0.2510204081632653
3476.080763206526,-0.24795918367346942
3431.8173731478605,-0.24489795918367346
3454.444670181322,-0.24642857142857144
3487.346520649883,-0.24948979591836737
3530.099003610557,-0.24948979591836737
3547.8848955953545,-0.2479591836734694
3491.903300088843,-0.24183673469387754
3445.679997581751,-0.2403061224489796
3460.194690393296,-0.24489795918367346
3489.8019679922445,-0.24642857142857144
3531.6348027846852,-0.24489795918367346
3548.3441131533505,-0.24489795918367346
3516.066270391252,-0.24030612244897956
3498.887239134432,-0.2387755102040816
3523.8690755453795,-0.2403061224489796
3536.0839993179734,-0.24183673469387754
3546.5477757165268,-0.24336734693877551
3554.3712067712972,-0.24336734693877551
3515.6145558497306,-0.2173469387755102
3495.0554304788157,-0.21581632653061222
3523.198329094236,-0.2204081632653061
3532.9598446036575,-0.22193877551020408
3539.8575895761187,-0.22346938775510203
3549.1490294060713,-0.22346938775510203
3514.6125797002514,-0.2173469387755102
3492.684227064387,-0.21581632653061222
3525.0657629760412,-0.22193877551020408
3542.641943646186,-0.22346938775510203
3543.022517547738,-0.22346938775510203
3547.3554799259737,-0.22346938775510203
3529.805007084715,-0.2173469387755102
3511.9653216014635,-0.21581632653061222
3527.775039539918,-0.2204081632653061
3543.015139717005,-0.22193877551020408
3514.2430000868253,-0.2204081632653061
3504.8258927250204,-0.2204081632653061
3523.447840616149,-0.2204081632653061
3518.9078410963025,-0.2204081632653061
3496.940242406137,-0.2173469387755102
3475.4320937937173,-0.20969387755102042
3432.5533175810806,-0.21581632653061225
3392.7231707791752,-0.22346938775510203
3420.2670229238597,-0.24948979591836734
3510.6055027830303,-0.2785714285714286
3595.5706416013186,-0.2571428571428572
3595.8434047515084,-0.2326530612244898
3539.253935724405,-0.22193877551020408
3525.0869039098934,-0.22040816326530616
3553.304164335083,-0.22040816326530613
3549.1820534291005,-0.21275510204081632
3545.957045142998,-0.21428571428571433
3560.3186404549656,-0.21428571428571433
3548.580309417249,-0.2112244897959184
3542.315269179112,-0.20816326530612245
3570.5292759829513,-0.2112244897959184
3588.927422448306,-0.2173469387755102
3598.925798474819,-0.2204081632653061
3590.331705490262,-0.2204081632653061
3522.928560707532,-0.21428571428571427
3495.2547746215555,-0.21428571428571427
3543.1739457124468,-0.22193877551020408
3571.326954996558,-0.22346938775510203
3589.790628504622,-0.22499999999999998
3588.8634676708934,-0.22499999999999998
3544.044661744557,-0.21887755102040818
3518.7539952211773,-0.21887755102040818
3516.954192526172,-0.22193877551020408
3530.358437798711,-0.22193877551020408
3569.1319825586743,-0.22499999999999998
3576.3980885248566,-0.2280612244897959
3524.165361241,-0.22346938775510203
3494.993458224264,-0.2204081632653061
3499.312005149909,-0.2204081632653061
3514.2878361664334,-0.2204081632653061
3544.2965977302492,-0.22346938775510203
3563.6487712720354,-0.22346938775510203
3552.929890342177,-0.2204081632653061
3538.7720663731743,-0.2204081632653061
3558.454427231971,-0.22346938775510203
3574.3997016265375,-0.225
3592.620477901335,-0.22653061224489796
3590.6811054791597,-0.2280612244897959
3543.5042321754,-0.22346938775510203
3514.5060548463834,-0.2204081632653061
3508.968535127785,-0.22346938775510203
3515.8974348721104,-0.22346938775510203
3534.79199723098,-0.22346938775510203
3549.017934888563,-0.22653061224489796
3536.7834650823906,-0.22346938775510206
3515.9813506597975,-0.22193877551020408
3501.465375417799,-0.225
3501.750247944583,-0.2280612244897959
3524.2592074617587,-0.22959183673469385
3543.353260390093,-0.23112244897959183
3534.3367441664595,-0.22653061224489796
3512.3284736960386,-0.22346938775510206
3502.7229867161923,-0.22806122448979593
3507.420155795704,-0.22959183673469385
3524.8527783903764,-0.22959183673469385
3539.563807391067,-0.23112244897959183
3529.9359689184867,-0.22959183673469388
3510.311891785769,-0.2280612244897959
3501.7533298026756,-0.22959183673469385
3505.7085051425665,-0.23112244897959183
3522.9607425868207,-0.2326530612244898
3537.2476556633123,-0.2326530612244898
3525.7484342380158,-0.22959183673469388
3501.601508746614,-0.2280612244897959
3482.412551079624,-0.23265306122448978
3477.9876439853224,-0.23418367346938776
3497.7668494909185,-0.2357142857142857
3515.9488459848235,-0.23724489795918366
3506.012353606292,-0.23265306122448978
3489.8520215956773,-0.22959183673469385
3483.0909842291885,-0.23265306122448978
3490.9482940221537,-0.23418367346938776
3518.706297569758,-0.2357142857142857
3538.593277156011,-0.23724489795918366
3529.7599923589705,-0.23112244897959183
3517.0887337961008,-0.2280612244897959
3537.6597325994385,-0.23112244897959183
3555.2291864084727,-0.2326530612244898
3576.0458756387197,-0.2326530612244898
3572.667006512881,-0.23112244897959183
3515.9419582976457,-0.2280612244897959
3487.6090773066735,-0.2280612244897959
3493.8796191315014,-0.22959183673469385
3511.475465978894,-0.23112244897959183
3554.657064017282,-0.2357142857142857
3563.1920973269985,-0.23418367346938773
3513.999229324836,-0.2280612244897959
3489.395915282617,-0.2280612244897959
3503.590472298527,-0.23418367346938773
3523.9232373911073,-0.23724489795918366
3562.1421954527464,-0.2357142857142857
3565.275114042184,-0.2326530612244898
3508.894201567474,-0.2280612244897959
3480.5255283133974,-0.2280612244897959
3491.8895934457314,-0.23418367346938773
3508.579403522791,-0.23724489795918366
3542.680020192248,-0.23724489795918366
3548.6666836198533,-0.23724489795918366
3506.339162291215,-0.23112244897959183
3487.9381973220106,-0.23112244897959183
3512.6716561228413,-0.23724489795918366
3527.8116595460033,-0.23724489795918366
3540.5835947356136,-0.23724489795918366
3535.670365701121,-0.23724489795918366
3487.5379379005008,-0.23265306122448978
3459.3561898949747,-0.23265306122448978
3450.8397110599826,-0.2387755102040816
3462.37846188176,-0.2387755102040816
3506.563484416646,-0.2403061224489796
3521.578699208412,-0.24183673469387756
3490.1553600729994,-0.2357142857142857
3480.572161030603,-0.23418367346938773
3518.9994312882436,-0.2387755102040816
3533.5590314516503,-0.2387755102040816
3520.434320530509,-0.23418367346938773
3515.3874744083478,-0.23418367346938773
3490.786815587708,-0.23265306122448978
3481.1617013432983,-0.23265306122448978
3517.277824217217,-0.23724489795918366
3529.7032137938268,-0.23724489795918366
3520.148834759459,-0.2357142857142857
3514.9517981612316,-0.2357142857142857
3479.805391591562,-0.23265306122448978
3469.567873946679,-0.23265306122448978
3516.031375334749,-0.23724489795918366
3530.724271317786,-0.23724489795918366
3514.8064201990846,-0.23418367346938773
3512.3409436915044,-0.23418367346938773
3500.7874216962964,-0.23265306122448978
3500.0446625218055,-0.23265306122448978
3531.896769987048,-0.2357142857142857
3532.106735772189,-0.2357142857142857
3509.894777374256,-0.2357142857142857
3513.089564828243,-0.2372448979591837
3497.0533422065496,-0.23265306122448978
3490.8714033572433,-0.23112244897959183
3528.5369217441785,-0.23418367346938773
3541.195993053364,-0.23418367346938773
3543.393850715867,-0.2357142857142857
3553.6784642261455,-0.2341836734693878
3528.902266631942,-0.22959183673469388
3506.256227405862,-0.22959183673469388
3524.4874239697833,-0.2326530612244898
3543.5691614310035,-0.23418367346938773
3493.4337720642734,-0.23112244897959183
3474.5326952027362,-0.23112244897959183
3499.3695395923783,-0.23112244897959183
3503.470492392434,-0.2280612244897959
3514.032418863343,-0.2280612244897959
3501.7274500976364,-0.22346938775510203
3454.107037231137,-0.22959183673469385
3419.292672770207,-0.23724489795918366
3453.1887185476753,-0.2602040816326531
3544.26772380233,-0.2846938775510204
3610.744858407075,-0.26326530612244897
3598.036561119078,-0.24183673469387756
3558.2258063377258,-0.23418367346938776
3554.288578149035,-0.23265306122448978
3578.9874297511906,-0.22959183673469385
3580.267979315434,-0.22499999999999998
3587.670929635168,-0.22653061224489796
3581.564012455904,-0.22499999999999998
3533.526853183307,-0.22193877551020408
3521.6857355961565,-0.22040816326530613
3516.963043904554,-0.22346938775510206
3506.203672789475,-0.22653061224489796
3521.187028334585,-0.23112244897959183
3533.670811023995,-0.23112244897959183
3512.598793103829,-0.2280612244897959
3498.884808404625,-0.2280612244897959
3495.031340980215,-0.2280612244897959
3493.9174897288954,-0.23112244897959183
3527.2784616596755,-0.23418367346938773
3538.065779736141,-0.23418367346938773
3508.469073237503,-0.23112244897959183
3499.5070693820117,-0.23112244897959183
3496.4992903451903,-0.23418367346938773
3496.355723358247,-0.23418367346938773
3536.9461427646916,-0.2357142857142857
3543.922827982415,-0.23877551020408166
3482.8213175609108,-0.23418367346938776
3458.317102063407,-0.23112244897959183
3476.68881865437,-0.23724489795918366
3481.564065592288,-0.23724489795918366
3520.5309642499415,-0.2387755102040816
3546.10695280655,-0.24183673469387756
3497.342945264615,-0.23418367346938776
3469.146859184136,-0.23112244897959183
3480.11170368116,-0.2357142857142857
3490.6920194563877,-0.2372448979591837
3522.6920123437935,-0.2403061224489796
3532.5439610716735,-0.24183673469387756
3482.4023565620373,-0.2372448979591837
3455.247327490283,-0.2357142857142857
3466.6825686064535,-0.2403061224489796
3478.2600272158206,-0.24336734693877551
3525.321910246259,-0.24489795918367346
3543.466633150257,-0.24489795918367346
3482.421334988124,-0.24030612244897961
3447.9606493218753,-0.23877551020408164
3458.869271301608,-0.24183673469387754
3470.8221914770975,-0.24336734693877551
3512.8220992835377,-0.2479591836734694
3536.2835531645596,-0.2479591836734694
3494.7103598713575,-0.24030612244897961
3464.0390383679014,-0.23877551020408164
3462.581801548991,-0.24183673469387754
3468.8544845757806,-0.24336734693877551
3515.2955547975916,-0.2479591836734694
3534.9167403391684,-0.2479591836734694
3475.5123318128853,-0.24030612244897961
3442.3843566545256,-0.24030612244897961
3454.7102407345064,-0.24642857142857144
3465.4383521192003,-0.24795918367346936
3484.5558546128314,-0.24795918367346936
3500.339117795598,-0.24642857142857144
3472.5655207273608,-0.24336734693877551
3448.876631862461,-0.24489795918367346
3458.434696570859,-0.24642857142857144
3466.809383965139,-0.24642857142857144
3507.7329450199295,-0.24948979591836734
3528.7495034945714,-0.2510204081632653
3474.50006260216,-0.2464285714285714
3450.2564966166046,-0.24489795918367346
3462.6147187788984,-0.24795918367346936
3464.3858307736864,-0.24795918367346936
3482.421707389818,-0.24795918367346936
3498.256610605928,-0.24795918367346936
3482.0709011901754,-0.24795918367346936
3466.5847852324096,-0.24795918367346936
3462.532000396802,-0.24642857142857144
3459.119628736585,-0.2479591836734694
3492.4642058262734,-0.2510204081632653
3520.150676096324,-0.25255102040816324
3480.370257015391,-0.2479591836734694
3445.5476427609588,-0.24489795918367346
3450.9795214317082,-0.24795918367346936
3461.9160018480407,-0.24948979591836734
3508.352210149741,-0.25255102040816324
3523.401250748639,-0.2556122448979592
3453.350300603219,-0.24948979591836734
3423.735498530241,-0.2464285714285714
3479.0049424820763,-0.2510204081632653
3503.6435894411106,-0.2540816326530612
3502.0387392532057,-0.2540816326530612
3509.397466012116,-0.25255102040816324
3465.0336826713615,-0.2479591836734694
3441.4811318305965,-0.2464285714285714
3491.8359392083566,-0.2510204081632653
3516.964149464652,-0.2540816326530612
3529.949617629953,-0.2556122448979592
3519.9010469920495,-0.2556122448979592
3441.2208637496146,-0.22499999999999998
3411.1337066352107,-0.22193877551020408
3464.4012623177514,-0.22959183673469385
3486.361439734569,-0.23265306122448978
3498.8741684145625,-0.2372448979591837
3512.8408723770326,-0.2372448979591837
3461.5880232678273,-0.22499999999999998
3427.106697753109,-0.22193877551020408
3448.1428395728053,-0.22959183673469385
3479.1198922114236,-0.23265306122448978
3515.07633093814,-0.2357142857142857
3504.4058153094857,-0.2357142857142857
3430.9958496404224,-0.22959183673469388
3397.3557283389496,-0.22806122448979593
3430.4279778921973,-0.23418367346938776
3464.8472315296713,-0.2372448979591837
3504.444315772809,-0.23877551020408166
3510.8579848263544,-0.2372448979591837
3447.316723510682,-0.22959183673469388
3410.0805280166014,-0.22653061224489796
3427.173939815685,-0.23112244897959183
3454.3101015857055,-0.23418367346938773
3500.294065059067,-0.2372448979591837
3516.9182825240696,-0.2372448979591837
3465.1469396649363,-0.22653061224489796
3448.408219155697,-0.22346938775510203
3501.814806857369,-0.22959183673469385
3526.7471824819304,-0.23265306122448978
3549.0240585073234,-0.23418367346938773
3567.8201586013647,-0.22959183673469385
3536.3107331708434,-0.22193877551020408
3520.64111854197,-0.22040816326530613
3547.5899825046804,-0.22346938775510206
3572.2933279532954,-0.22346938775510206
3596.3612320758157,-0.22346938775510206
3607.099102291455,-0.22346938775510206
3586.6118728156816,-0.22040816326530613
3582.965050470682,-0.22040816326530613
3615.767234374153,-0.225
3616.9033148233743,-0.225
3595.872243296128,-0.22346938775510206
3598.2732379348454,-0.22346938775510206
3577.9832261962633,-0.21887755102040818
3571.034881409095,-0.21887755102040818
3611.5508908670204,-0.225
3621.6638126875014,-0.22346938775510206
3558.073605734461,-0.2142857142857143
3532.2801339710986,-0.21275510204081632
3566.8557200122304,-0.2173469387755102
3578.548912361015,-0.21887755102040818
3572.27299965926,-0.2142857142857143
3547.405458358238,-0.20816326530612245
3490.976192572689,-0.21275510204081632
3445.1712704220786,-0.22040816326530613
3126.763676840321,-0.19343628086259945
1612.7207018308522,-0.0679260767809668
400.0,-0.0679260767809668
929.9897163921498,-0.1875
1908.5849447600717,-0.4362244897959184
2573.2447478831837,-0.451530612244898
3013.2294193414627,-0.30153061224489797
3390.4373641825105,-0.22270408163265304
3653.7215346188514,-0.15612244897959177
3828.54173697434,-0.07040816326530612
3924.9141354394337,-0.009183673469387765
3978.4049776224592,0.021428571428571453
4031.5515168177008,0.03673469387755105
4074.064272021415,0.05816326530612248
4113.7407476222315,0.076530612244898
4138.256308265348,0.09183673469387757
4120.67612896003,0.10714285714285715
4105.11767948502,0.113265306122449
4104.501742505103,0.1163265306122449
4105.637191781099,0.1163265306122449
4127.143548629577,0.113265306122449
4141.97334841068,0.11938775510204083
4124.863315264199,0.12551020408163266
4112.168190475574,0.12857142857142856
4108.624986370424,0.12551020408163266
4104.258201159156,0.12551020408163266
4124.007738292434,0.12244897959183676
4140.844306564717,0.12244897959183676
4123.158829685064,0.1346938775510204
4118.760366715742,0.13775510204081634
4145.183143857963,0.1316326530612245
4164.907370094137,0.1346938775510204
4185.334443411738,0.14081632653061227
4200.301551549158,0.14081632653061227
4181.3995705744765,0.14387755102040817
4169.304826865344,0.14387755102040817
4187.586109598803,0.14387755102040817
4197.117149244399,0.14387755102040817
4203.845502933546,0.14387755102040817
4202.455898356068,0.1469387755102041
4174.656368216595,0.1469387755102041
4159.7906110312,0.14387755102040817
4169.4304190717085,0.14387755102040817
4171.60653531838,0.14387755102040817
4177.20247886364,0.14081632653061227
4183.021502701783,0.14081632653061227
4166.160448519913,0.14387755102040817
4147.833985779617,0.14387755102040817
4143.594072367371,0.14387755102040817
4151.102547592667,0.14387755102040817
4169.049835525209,0.13775510204081637
4164.530250765065,0.13775510204081637
4124.0049138944,0.14387755102040817
4088.7641653177543,0.14387755102040817
4085.0016131356087,0.13775510204081634
4094.653775020065,0.1346938775510204
4117.566897168717,0.1285714285714286
4140.2440087531995,0.1285714285714286
4122.322766486843,0.14081632653061227
4108.748524376853,0.14081632653061227
4114.109802432714,0.14081632653061227
4121.543662884662,0.14081632653061227
4148.55847764515,0.1285714285714286
4166.504293002308,0.1316326530612245
4149.423089286678,0.14387755102040817
4123.525318023887,0.14387755102040817
4106.271166714907,0.14081632653061227
4105.613358196346,0.13775510204081634
4133.097051498341,0.12551020408163266
4156.221102007265,0.12551020408163266
4143.669075469802,0.14081632653061227
4117.4472666214615,0.14081632653061227
4098.803538381385,0.1346938775510204
4096.626954184521,0.1346938775510204
4121.390461613108,0.12551020408163266
4144.792820070521,0.12551020408163266
4131.076567968056,0.14081632653061227
4109.031314223797,0.14081632653061227
4113.585809020193,0.12551020408163266
4118.101404767501,0.12551020408163266
4125.671127944044,0.1285714285714286
4136.37068494764,0.1285714285714286
4117.027373955756,0.13775510204081634
4095.6636556591875,0.13775510204081634
4100.191547817,0.12551020408163266
4103.114596892017,0.12551020408163266
4105.561405198299,0.12551020408163266
4104.3842124753355,0.12551020408163266
4076.3914773546344,0.1285714285714286
4062.7759114241885,0.12244897959183676
4076.620267706765,0.11938775510204083
4078.6408669991833,0.11938775510204083
4083.5546439694613,0.11938775510204083
4099.529608693747,0.11938775510204083
4092.0334989666317,0.12244897959183676
4087.0587867527593,0.12244897959183676
4110.589918624746,0.11938775510204083
4123.8656747095865,0.12244897959183676
4132.8698239015885,0.12244897959183676
4143.215933709146,0.12551020408163266
4133.010209740613,0.13775510204081634
4126.432006476801,0.14081632653061227
4135.109739551919,0.1316326530612245
4137.7069465239365,0.1285714285714286
4146.304126296874,0.1316326530612245
4154.072375343621,0.13469387755102044
4126.894394062201,0.14387755102040817
4091.0734293619535,0.14387755102040817
4068.033871624628,0.1346938775510204
4063.9653024031477,0.12551020408163266
4089.2728655990777,0.11938775510204083
4104.268223813974,0.12244897959183676
4075.914232700733,0.12551020408163266
4067.991316157353,0.12551020408163266
4094.7182745046407,0.12244897959183676
4107.877342053305,0.12244897959183676
4121.575767167582,0.12244897959183676
4128.999063537617,0.12551020408163266
4110.774481692391,0.1316326530612245
4096.666702151043,0.1316326530612245
4102.217186380329,0.12551020408163266
4110.746518547421,0.12244897959183676
4125.182422766548,0.12551020408163266
4128.46572361463,0.1316326530612245
4099.860971257781,0.1346938775510204
4076.5935719232098,0.1316326530612245
4079.507228034758,0.1285714285714286
4082.597275417823,0.12551020408163266
4086.7260518574053,0.12244897959183676
4086.052230234441,0.12244897959183676
4059.4870278270037,0.12551020408163266
4041.5554595526055,0.12244897959183676
4051.61351397082,0.11938775510204083
4060.20236518115,0.12244897959183676
4070.8618289832366,0.12244897959183676
4080.2312427531433,0.12244897959183676
4058.5821975728995,0.12244897959183676
4029.1698354925434,0.11938775510204083
4014.5286025106725,0.11938775510204083
4020.2656624177116,0.11632653061224492
4010.13615465803,0.11632653061224492
3998.016267631638,0.113265306122449
3981.6575991713235,0.113265306122449
3964.535276679966,0.113265306122449
3954.433627121319,0.12551020408163266
3924.829719730168,0.1316326530612245
3893.217867870945,0.11326530612244899
3889.9282815169945,0.10408163265306124
3960.804411344658,0.07346938775510206
4079.310347803921,0.06428571428571431
4154.806534192907,0.08571428571428572
4157.910070087767,0.10408163265306125
4137.477976570777,0.12244897959183676
4110.84475036815,0.12551020408163266
4106.718296966204,0.1285714285714286
4129.99167289224,0.1346938775510204
4124.693437484973,0.14387755102040817
4111.549864142895,0.14387755102040817
4096.945397899407,0.14387755102040817
4083.123398733401,0.14387755102040817
4086.9275443981937,0.14387755102040817
4090.6532420362682,0.14387755102040817
4105.27726488377,0.1316326530612245
4112.354733233849,0.1316326530612245
4094.9512497500637,0.14387755102040817
4079.1650319071255,0.14387755102040817
4067.900213033913,0.1346938775510204
4054.3952765525555,0.1316326530612245
4060.5305233287772,0.12551020408163266
4059.6103833948932,0.12244897959183676
4035.499385492794,0.12551020408163266
4042.977448203781,0.12244897959183676
4072.234165238571,0.11938775510204083
4089.261120120349,0.11938775510204083
4111.56276594228,0.11938775510204083
4122.727221299959,0.12244897959183676
4107.1513196189935,0.12551020408163266
4099.198019458083,0.12551020408163266
4100.162359671284,0.12551020408163266
4102.834257851888,0.12551020408163266
4123.8556380017535,0.12244897959183676
4134.831335519048,0.12244897959183676
4113.945979418917,0.1285714285714286
4102.053883577605,0.1316326530612245
4111.31157292209,0.1285714285714286
4123.823360226321,0.12551020408163266
4143.551362513019,0.12551020408163266
4147.54781873323,0.12551020408163266
4119.149722684591,0.1285714285714286
4109.26439844249,0.1285714285714286
4128.98786267013,0.12551020408163266
4134.035099924322,0.12551020408163266
4139.55208584168,0.12551020408163266
4143.466360789597,0.12551020408163266
4117.005926991588,0.1285714285714286
4105.950217243475,0.1285714285714286
4123.67945260393,0.12551020408163266
4128.992582060106,0.12551020408163266
4136.172150073043,0.12551020408163266
4141.811299459638,0.12551020408163266
4123.114721008151,0.1285714285714286
4106.894092853823,0.1316326530612245
4101.350460364358,0.1285714285714286
4103.165839286723,0.12551020408163266
4129.593503516107,0.11632653061224492
4143.92443472306,0.11632653061224492
4123.400469545835,0.12551020408163266
4110.264020543943,0.12551020408163266
4106.732209743388,0.12551020408163266
4104.112078739623,0.12551020408163266
4125.827523484977,0.11632653061224492
4134.81522962654,0.11632653061224492
4107.517380879178,0.12551020408163266
4101.130411203135,0.12551020408163266
4117.769081918626,0.12244897959183676
4127.137180940932,0.12244897959183676
4149.176300532212,0.12551020408163266
4159.6784726420665,0.12551020408163266
4134.496859745657,0.12551020408163266
4120.3143190662595,0.12551020408163266
4124.5288017805515,0.12551020408163266
4127.397298845681,0.12551020408163266
4151.0152593503335,0.12551020408163266
4167.395115406796,0.12551020408163266
4136.727647199426,0.15000000000000002
4114.443350594995,0.15000000000000002
4119.98341514152,0.14387755102040817
4131.455970723149,0.14387755102040817
4158.781236097289,0.14387755102040817
4169.229735935443,0.14387755102040817
4141.312847402522,0.1469387755102041
4120.713058618194,0.1469387755102041
4120.492973896339,0.14387755102040817
4118.551265414598,0.14387755102040817
4125.474514707455,0.13775510204081637
4117.207041236266,0.13775510204081637
4082.004748453321,0.1469387755102041
4073.140618265855,0.14081632653061227
4081.6370236751272,0.13775510204081634
4085.523889068397,0.13775510204081634
4104.165566870634,0.12551020408163266
4110.493009696545,0.12551020408163266
4084.3050372462703,0.13775510204081634
4077.2990831251445,0.13775510204081634
4095.660548165077,0.1316326530612245
4099.411242035705,0.1316326530612245
4107.206395852019,0.1285714285714286
4103.526145378333,0.1285714285714286
4071.8349060104338,0.13775510204081634
4061.962170902219,0.13775510204081634
4065.4073835480585,0.1346938775510204
4068.8907446463527,0.13163265306122449
4092.459664842127,0.11938775510204083
4100.37520216964,0.12244897959183676
4066.883572361691,0.13775510204081634
4054.917315392612,0.13775510204081634
4082.522104206375,0.12244897959183676
4096.57716091103,0.12244897959183676
4108.936713845014,0.12551020408163266
4114.285102889655,0.12551020408163266
4090.328292451807,0.13775510204081634
4079.2365813707447,0.13775510204081634
4096.658849422629,0.1285714285714286
4106.784797560649,0.1285714285714286
4118.325742933372,0.1285714285714286
4123.093185636325,0.1346938775510204
4095.7600897593466,0.14387755102040817
4086.207798044749,0.14387755102040817
4107.852287422643,0.1346938775510204
4116.409046965242,0.1346938775510204
4126.149112088074,0.1346938775510204
4134.32161867916,0.1346938775510204
4110.0319345761345,0.14387755102040817
4087.083113969663,0.14387755102040817
4092.375425065287,0.1346938775510204
4107.934756655775,0.1346938775510204
4128.006416384006,0.1346938775510204
4127.557014251483,0.1346938775510204
4085.2490820271405,0.14387755102040817
4059.631812756523,0.14081632653061227
4071.3388939883926,0.1316326530612245
4078.5135132846417,0.1285714285714286
4087.114914935086,0.12551020408163266
4088.3370079856427,0.1285714285714286
4058.954508012431,0.14081632653061227
4043.5519041116986,0.13775510204081634
4058.721543693669,0.12244897959183676
4068.383203009075,0.12244897959183676
4078.7028404991165,0.12551020408163266
4081.8250927107356,0.12551020408163266
4050.182898362982,0.13775510204081634
4032.981131454011,0.13775510204081634
4052.1101806178604,0.12551020408163266
4067.669932801705,0.12551020408163266
4044.4377284767315,0.13775510204081634
4028.7516576569856,0.13775510204081634
4020.56164431878,0.13775510204081634
4003.648397604842,0.1346938775510204
3994.6480061878665,0.1469387755102041
3969.49513596001,0.1469387755102041
3929.4932970380532,0.12551020408163266
3910.0678832243784,0.11938775510204082
3984.9729721390813,0.08265306122448982
4112.866691036525,0.07653061224489796
4184.8436266311055,0.0979591836734694
4194.71176628333,0.11632653061224493
4167.019435060486,0.14081632653061227
4140.631342934021,0.14387755102040817
4125.279839834124,0.1469387755102041
4118.50359561611,0.15306122448979592
4119.667880947421,0.15000000000000002
4126.57937337815,0.1469387755102041
4119.764117355529,0.15000000000000002
4116.323145647278,0.15306122448979592
4138.669189318481,0.15000000000000002
4147.544712770277,0.15000000000000002
4151.617640539426,0.15000000000000002
4147.969787231177,0.15000000000000002
4122.023095694018,0.15306122448979592
4107.859033137605,0.15306122448979592
4115.270744088404,0.15000000000000002
4118.904768282899,0.14387755102040817
4127.801139557017,0.14387755102040817
4127.595423393382,0.14387755102040817
4101.723320064964,0.14387755102040817
4084.2968504644505,0.14387755102040817
4087.218975146435,0.14387755102040817
4092.961848134828,0.14387755102040817
4109.143270914017,0.1346938775510204
4111.618604280589,0.1346938775510204
4090.298717243895,0.14387755102040817
4092.7947388236207,0.14387755102040817
4121.702169692249,0.13775510204081637
4142.009956278176,0.13775510204081637
4151.661394427558,0.13775510204081637
4144.013444588336,0.13775510204081637
4119.47320728315,0.14387755102040817
4117.478891201454,0.14387755102040817
4129.899251704036,0.13775510204081637
4135.132088592727,0.13775510204081637
4144.999366178585,0.1346938775510204
4144.3702920206815,0.1346938775510204
4114.992856006906,0.14387755102040817
4100.191897012532,0.14387755102040817
4111.775959578372,0.1316326530612245
4110.560831818833,0.1316326530612245
4109.26131832246,0.1316326530612245
4097.884178190621,0.1285714285714286
4064.1857001045405,0.13775510204081634
4064.780946356155,0.1346938775510204
4099.712755951938,0.12244897959183676
4123.45097646497,0.1255102040816327
4140.167053158075,0.1285714285714286
4140.8439943569765,0.1316326530612245
4109.067942786651,0.14387755102040817
4082.3002807765324,0.13775510204081634
4078.266070249027,0.12244897959183676
4088.859217985133,0.12244897959183676
4113.248945659244,0.12244897959183676
4116.198273620858,0.12244897959183676
4089.283108166396,0.13163265306122449
4095.140528193317,0.13163265306122449
4124.816513986874,0.12551020408163266
4139.316681272518,0.1285714285714286
4149.648672901428,0.1316326530612245
4146.699078907346,0.1346938775510204
4120.890095065857,0.14387755102040817
4104.029563396981,0.14081632653061227
4112.968100257915,0.1285714285714286
4125.455580958274,0.1285714285714286
4135.875713907671,0.1285714285714286
4135.152228704093,0.1285714285714286
4118.125685225103,0.14081632653061227
4114.32671572891,0.14081632653061227
4124.560973898393,0.1285714285714286
4125.36594415449,0.1285714285714286
4126.727346976336,0.1285714285714286
4121.36877909175,0.1285714285714286
4093.34142708098,0.1316326530612245
4069.1259667615286,0.12551020408163266
4065.5637637148375,0.11938775510204083
4064.0348889159263,0.11938775510204083
4070.9704967531534,0.11938775510204083
4067.453272544146,0.11938775510204083
4038.2382540956924,0.12244897959183676
4027.3835383768014,0.12244897959183676
4031.9317786621023,0.11938775510204083
4035.598767645071,0.11326530612244899
4052.576163280697,0.10408163265306124
4062.4852766910026,0.10408163265306124
4048.7597154548102,0.11326530612244899
4047.027979569241,0.11632653061224492
4058.85566120376,0.11632653061224492
4070.466783246561,0.11632653061224492
4093.179426537449,0.11632653061224492
4105.124622258869,0.11938775510204083
4088.9026918649924,0.11938775510204083
4080.618712489433,0.11938775510204083
4092.907794458371,0.11938775510204083
4102.088127642739,0.12244897959183676
4111.829411122388,0.12244897959183676
4110.948205854096,0.12244897959183676
4086.01577523549,0.12551020408163266
4074.554218129655,0.12244897959183676
4089.148456563237,0.11938775510204083
4095.4500008185205,0.12244897959183676
4098.802037156228,0.12244897959183676
4087.115733935234,0.12244897959183676
4049.2933827977204,0.12244897959183676
4037.922952753054,0.11938775510204083
4046.7464892636403,0.11938775510204083
4053.5004207146862,0.11632653061224492
4072.3718130454527,0.113265306122449
4081.906194149787,0.113265306122449
4065.871045452519,0.11632653061224492
4062.648560192574,0.11632653061224492
4081.630822638256,0.11632653061224492
4092.0687829604485,0.11938775510204083
4097.74354535535,0.11938775510204083
4092.5744530742127,0.12244897959183676
4068.3498117354825,0.12244897959183676
4060.1904369132126,0.11938775510204083
4071.7681902743125,0.11938775510204083
4079.938975981895,0.11938775510204083
4086.8154752944147,0.11938775510204083
4071.02093506345,0.11938775510204083
4032.2236797280293,0.11938775510204083
4030.3760941059572,0.11938775510204083
4053.6418709786294,0.11938775510204083
4069.133598954444,0.11632653061224492
4087.472538300004,0.113265306122449
4086.4599330818537,0.11938775510204085
4055.2762525330163,0.12244897959183676
4024.79213155635,0.11938775510204083
4010.37903610958,0.11938775510204083
4002.343307899092,0.11632653061224492
4007.9404985443425,0.10714285714285716
4005.7210931599893,0.10408163265306124
3975.991985247053,0.11326530612244899
3961.7902879861695,0.11326530612244899
3964.272997649253,0.10714285714285716
3976.8741280004338,0.10714285714285716
4003.6289520556556,0.10102040816326532
4017.611780879901,0.10102040816326532
4005.2814486546226,0.11326530612244899
3987.3291761231626,0.11326530612244899
3980.3138894450194,0.11326530612244899
3976.820769992386,0.11326530612244899
3960.8244566162207,0.11020408163265306
3948.652127743238,0.11020408163265306
3931.406846079057,0.11326530612244899
3917.933748973947,0.11020408163265308
3903.2598969857054,0.12551020408163266
3870.881678510707,0.12551020408163266
3844.0744887153305,0.0979591836734694
3838.519888225361,0.08877551020408166
3928.2558882739067,0.05510204081632657
4063.2071591845856,0.06122448979591838
4122.461106973114,0.08877551020408164
4110.808477046341,0.10408163265306125
4080.285353577446,0.12244897959183676
4067.241689516428,0.1255102040816327
4057.6008798693993,0.1255102040816327
4064.456830699575,0.1255102040816327
4072.5586248421173,0.1285714285714286
4064.1191690851847,0.1285714285714286
4049.9600743277742,0.1316326530612245
4043.7488356884096,0.1316326530612245
4055.391050388582,0.1255102040816327
4063.4595667875083,0.1255102040816327
4074.9356020004657,0.1255102040816327
4070.155844302886,0.1255102040816327
4046.4878768995177,0.1255102040816327
4043.9341775629937,0.12244897959183676
4055.9302045324266,0.12244897959183676
4060.9197480885077,0.12244897959183676
4070.135952800626,0.12244897959183676
4068.125173707178,0.12244897959183676
4047.5016370382336,0.12244897959183676
4046.611057291687,0.11938775510204083
4061.904185481678,0.11938775510204083
4068.8052111758307,0.11632653061224492
4076.6712410837986,0.11632653061224492
4072.906741807346,0.11938775510204083
4052.7147419458424,0.11938775510204083
4050.4764991711913,0.11632653061224492
4062.891378752307,0.11632653061224492
4069.8954090283332,0.11632653061224492
4080.0218249982445,0.11632653061224492
4082.238114544428,0.12244897959183676
4064.4721567967363,0.12244897959183676
4059.731296004437,0.11938775510204083
4071.3638926130266,0.11938775510204083
4082.1092742566407,0.11632653061224492
4093.817739001741,0.113265306122449
4083.0159423392033,0.11632653061224493
4051.104224549016,0.11938775510204083
4045.0384687082583,0.11632653061224492
4061.047952150034,0.11326530612244899
4070.832071302737,0.11326530612244899
4080.744689858666,0.11020408163265309
4077.028194999184,0.1316326530612245
4051.298988690114,0.13775510204081634
4039.6056936428477,0.13775510204081634
4048.372808891235,0.1346938775510204
4058.9889248382055,0.12857142857142856
4074.913370403078,0.12244897959183675
4079.0194193197667,0.1285714285714286
4060.8529776119835,0.13775510204081634
4049.664710223859,0.13775510204081634
4048.7610708154916,0.1346938775510204
4051.1372595855955,0.12857142857142856
4064.821558868336,0.12244897959183675
4065.6991193344484,0.12551020408163266
4046.0017219424426,0.1346938775510204
4045.5788837414684,0.1316326530612245
4061.46377217864,0.12244897959183675
4066.425905844638,0.12551020408163266
4073.3304754646415,0.12551020408163266
4065.3080510883747,0.1285714285714286
4036.505489937261,0.13775510204081634
4034.425163691901,0.1346938775510204
4048.808275140567,0.12244897959183675
4054.4505074429485,0.11938775510204083
4068.4085291267193,0.12244897959183675
4073.6603177464503,0.12551020408163266
4050.690930344046,0.1346938775510204
4041.1842781113965,0.1346938775510204
4049.9317483267,0.12244897959183675
4054.459326625124,0.11938775510204083
4066.391126654299,0.11938775510204083
4060.4902322675257,0.12244897959183675
4035.5612014458784,0.1346938775510204
4037.1081782099864,0.1316326530612245
4050.59083029987,0.11938775510204083
4053.8051565607457,0.11938775510204083
4068.2397792588663,0.11938775510204083
4066.4396665083104,0.12244897959183675
4036.1074857897493,0.13163265306122449
4030.400407592342,0.12857142857142856
4042.6536657844035,0.11938775510204083
4047.3811784650798,0.11938775510204083
4060.8823934961483,0.11938775510204083
4050.593931058035,0.12244897959183675
4020.5688288624806,0.12857142857142856
4026.527161921831,0.12551020408163266
4042.457977634638,0.11938775510204083
4044.7608759688737,0.11938775510204083
4057.7909504814284,0.11938775510204083
4054.2501123398824,0.12244897959183675
4022.434839233316,0.12857142857142856
4016.140617093691,0.12551020408163266
4028.3336774054305,0.11632653061224492
4034.559609644274,0.11632653061224492
4049.2141395961903,0.11938775510204083
4038.18275160412,0.12244897959183675
4007.8055845585313,0.12551020408163266
4015.9260787362055,0.12244897959183675
4031.6668629460364,0.11938775510204083
4032.84235140335,0.11938775510204083
4055.12144600825,0.11938775510204083
4070.3378567058653,0.12244897959183675
4054.2153226698056,0.12857142857142856
4046.7561165871857,0.12551020408163266
4051.9098457186665,0.11938775510204083
4055.5916713209667,0.11938775510204083
4067.5402066456554,0.11938775510204083
4053.9227564625544,0.12244897959183675
4007.2786050384693,0.12857142857142856
3990.2426189879766,0.12244897959183673
3999.5129686681476,0.113265306122449
4009.3282720184043,0.113265306122449
4030.6587944440826,0.1163265306122449
4031.5238253396965,0.12244897959183675
4003.950141718925,0.11938775510204083
4000.0512157393223,0.113265306122449
4010.9891158898,0.113265306122449
4017.2467069748445,0.11020408163265309
4036.370162054155,0.10714285714285716
4037.306520714006,0.1163265306122449
4009.6013772565525,0.12244897959183675
4004.2722645049407,0.1163265306122449
4019.0348528084187,0.113265306122449
4033.0659420480806,0.113265306122449
4055.825304551846,0.1163265306122449
4048.5957012627996,0.12244897959183675
4011.1113545345497,0.12551020408163266
4000.9110638507677,0.12244897959183675
4018.3127875354394,0.11938775510204083
4033.9426675005643,0.11938775510204083
4044.300007100569,0.11938775510204083
4033.0943784416368,0.12244897959183675
4000.7183040601954,0.12551020408163266
3992.468712195347,0.12244897959183675
4012.2160817476097,0.11632653061224492
4026.206905621747,0.11632653061224492
4030.6732365627145,0.11938775510204083
4018.9471829036966,0.12244897959183675
3990.775703841819,0.11938775510204083
3988.3595104729493,0.113265306122449
4014.3758342379,0.1163265306122449
4009.8786914768193,0.12244897959183675
3981.438125070063,0.11938775510204083
3966.5809520727516,0.1163265306122449
3942.072501890638,0.1163265306122449
3901.9192793645007,0.11938775510204085
3870.4661618488635,0.14081632653061227
3828.7728735213395,0.1316326530612245
3779.6417138938004,0.10408163265306125
3549.6278679898137,0.09006969282797059
1913.954591800152,0.027314590787154237
443.59998371240493,0.027314590787154237
614.7883653815813,-0.0681122448979592
1420.3159436075548,-0.3596938775510204
2294.5774442815186,-0.5096938775510204
2810.339048318104,-0.36122448979591837
3198.4164391282366,-0.26556122448979597
3445.2224142695522,-0.18750000000000006
3618.1455806779186,-0.08801020408163271
3769.6501054413748,-4.5102810375396984e-17
3868.679104852051,0.061989795918367306
3933.689578460175,0.10484693877551013
3997.343390918142,0.1499999999999999
4075.927052362681,0.17755102040816317
4150.89718795006,0.1913265306122448
4177.598512576455,0.2142857142857142
4181.917662652266,0.23724489795918358
4213.41974224926,0.24642857142857133
4251.587658345094,0.26479591836734684
4295.157431362111,0.2877551020408162
4333.401096260252,0.30612244897959173
4339.071222778217,0.3290816326530611
4334.1968145683495,0.34285714285714275
4348.499143545339,0.34285714285714275
4361.323732888556,0.34285714285714275
4381.718011207073,0.3474489795918366
4407.520605993675,0.3474489795918366
4397.560369073104,0.3566326530612244
4372.385782918736,0.370408163265306
4366.696296267035,0.36122448979591826
4370.92688243189,0.3520408163265305
4383.660060798735,0.36122448979591826
4394.943149277568,0.36581632653061213
4373.002672187433,0.36581632653061213
4332.752261859732,0.370408163265306
4320.082454414585,0.370408163265306
4318.61594487043,0.36581632653061213
4322.266686116454,0.36122448979591826
4328.815732554234,0.3520408163265305
4285.563040950909,0.3474489795918366
4234.055035048219,0.3520408163265305
4236.432182600951,0.3520408163265305
4261.270166653287,0.34285714285714275
4287.142706294771,0.3290816326530611
4306.262894401452,0.333673469387755
4297.565065666446,0.3474489795918366
4285.61179524314,0.3474489795918366
4301.904932566688,0.34285714285714275
4315.193586188996,0.34285714285714275
4313.033941098463,0.34285714285714275
4309.136502282197,0.34285714285714275
4289.645669634858,0.3474489795918366
4265.718456457142,0.3474489795918366
4261.303829854092,0.333673469387755
4260.502732997147,0.3290816326530611
4263.5664565564875,0.3290816326530611
4272.0812424299675,0.333673469387755
4261.746492787828,0.34285714285714275
4245.826170656001,0.34285714285714275
4249.300671555808,0.33826530612244887
4257.7150990675145,0.333673469387755
4270.758051291725,0.333673469387755
4288.467866813575,0.33826530612244887
4275.947929693275,0.3474489795918366
4248.328823212272,0.34285714285714275
4243.97948101972,0.333673469387755
4251.8544714940745,0.33826530612244887
4266.591233617078,0.333673469387755
4282.994765718149,0.3290816326530611
4269.51082485303,0.33826530612244887
4251.156054499444,0.34285714285714275
4263.825560663281,0.333673469387755
4278.264342767184,0.3290816326530611
4294.39746674686,0.3290816326530611
4316.470893217227,0.333673469387755
4304.230093149231,0.3474489795918366
4262.985921380674,0.3474489795918366
4247.441262890747,0.33826530612244887
4261.408270614185,0.333673469387755
4280.29431941822,0.3290816326530611
4290.442456350825,0.333673469387755
4268.303397348756,0.3474489795918366
4236.582713360258,0.3474489795918366
4232.077220441535,0.333673469387755
4241.88265956288,0.3290816326530611
4256.987290616664,0.3290816326530611
4272.635971431755,0.32448979591836724
4272.680074278819,0.32448979591836724
4263.081182000276,0.333673469387755
4258.886365773706,0.333673469387755
4256.519076080485,0.3290816326530611
4255.536348155667,0.3290816326530611
4256.287069961656,0.3290816326530611
4245.33387499626,0.3290816326530611
4231.240186745012,0.3290816326530611
4235.040035582037,0.3290816326530611
4244.189672501531,0.3290816326530611
4249.606916858291,0.3290816326530611
4253.77463601758,0.3290816326530611
4246.581036730956,0.3290816326530611
4233.408366301011,0.3290816326530611
4229.480425198782,0.3290816326530611
4229.56129319818,0.3290816326530611
4237.806817492668,0.3290816326530611
4251.971433634952,0.3290816326530611
4250.4293086757625,0.3290816326530611
4239.697782854443,0.3290816326530611
4240.37381455463,0.3290816326530611
4246.7561526767095,0.32448979591836724
4251.9368279518985,0.32448979591836724
4258.695765059723,0.3290816326530611
4257.356144207449,0.3290816326530611
4249.183482252371,0.3290816326530611
4248.558169715635,0.3290816326530611
4250.23670261748,0.3290816326530611
4256.008628790438,0.3290816326530611
4267.334203610244,0.3290816326530611
4261.493418583845,0.33826530612244887
4246.953567747716,0.34285714285714275
4242.088786291806,0.34285714285714275
4237.482285222408,0.34285714285714275
4236.996649880546,0.33826530612244887
4236.429556335232,0.33826530612244887
4207.041104759682,0.34285714285714275
4170.331156209098,0.3290816326530611
4160.388906164665,0.31989795918367336
4166.582501515373,0.31989795918367336
4176.495753938734,0.31989795918367336
4183.905513209901,0.31989795918367336
4173.629757361589,0.31989795918367336
4160.786765030405,0.31989795918367336
4167.5902948402545,0.31989795918367336
4170.418816365878,0.31989795918367336
4160.54043495776,0.31989795918367336
4146.15148476397,0.31989795918367336
4121.972521890764,0.31989795918367336
4107.480763059637,0.31989795918367336
4111.778617591502,0.31989795918367336
4123.975127922581,0.3153061224489795
4098.684919268246,0.3153061224489795
4074.0779085524055,0.3107142857142856
4074.8388662846137,0.3107142857142856
4052.540854937971,0.3107142857142856
4015.8568526035583,0.3153061224489795
3971.828425242414,0.3290816326530611
3907.4133778346904,0.30612244897959173
3864.4465516075975,0.27857142857142847
3896.3015885302134,0.26020408163265296
4014.5811614481954,0.2556122448979591
4140.617934878943,0.2693877551020407
4186.923611493627,0.2739795918367346
4166.614844160612,0.296938775510204
4142.999211001232,0.3153061224489795
4139.492777005165,0.3153061224489795
4130.557004570966,0.31989795918367336
4135.834221013531,0.31989795918367336
4142.021378017351,0.31989795918367336
4138.4707296299075,0.31989795918367336
4128.2276074985,0.31989795918367336
4119.321641924379,0.31989795918367336
4130.45950261436,0.3107142857142856
4157.260401289437,0.3107142857142856
4179.612233396085,0.31989795918367336
4180.206795145408,0.31989795918367336
4172.806427254398,0.32448979591836724
4170.530233111134,0.32448979591836724
4163.819446583733,0.31989795918367336
4164.050924659186,0.31989795918367336
4176.983006713574,0.31989795918367336
4177.850164365028,0.34285714285714275
4174.6131701674885,0.3474489795918366
4184.136433942298,0.3474489795918366
4193.64179345905,0.34285714285714275
4207.11626436954,0.34285714285714275
4219.212568649284,0.34285714285714275
4207.9481631286335,0.34285714285714275
4196.830942383829,0.34285714285714275
4206.697169658639,0.34285714285714275
4217.202061874072,0.34285714285714275
4226.757803561645,0.34285714285714275
4233.203097109234,0.34285714285714275
4221.580112897717,0.34285714285714275
4214.169723356207,0.34285714285714275
4226.687705850527,0.34285714285714275
4241.813439190271,0.34285714285714275
4256.295339532599,0.34285714285714275
4267.429721028248,0.3474489795918366
4257.453177729809,0.3474489795918366
4249.020307346891,0.3474489795918366
4262.917437773873,0.3474489795918366
4276.242638064296,0.3474489795918366
4289.7239522556265,0.3474489795918366
4298.386130322589,0.3520408163265305
4276.48510877252,0.36581632653061213
4242.018993526854,0.36581632653061213
4227.7550793196915,0.3520408163265305
4232.187925032167,0.3474489795918366
4250.415853727029,0.3474489795918366
4266.143575628677,0.3474489795918366
4263.825296809451,0.3474489795918366
4260.21346395811,0.34285714285714275
4267.195303634672,0.34285714285714275
4274.873566321578,0.3474489795918366
4282.06931345085,0.3474489795918366
4286.916516798778,0.3520408163265305
4269.083212453337,0.3520408163265305
4255.542421242291,0.3520408163265305
4262.856400980723,0.3520408163265305
4263.502199415305,0.3520408163265305
4266.93474502524,0.3520408163265305
4269.636627414726,0.3520408163265305
4253.231588452904,0.3520408163265305
4235.231472638837,0.3520408163265305
4233.712593302891,0.3520408163265305
4242.248533425448,0.34285714285714275
4255.601577435624,0.34285714285714275
4258.945162053222,0.34285714285714275
4239.130772559563,0.34285714285714275
4221.751897726928,0.34285714285714275
4222.2692508795735,0.34285714285714275
4227.914361118075,0.34285714285714275
4237.64457690473,0.34285714285714275
4245.097948672796,0.34285714285714275
4231.513137381913,0.34285714285714275
4213.4398827134655,0.3474489795918366
4214.253357312435,0.3474489795918366
4224.812203040321,0.34285714285714275
4240.970248894615,0.34285714285714275
4249.719504586428,0.34285714285714275
4232.818495902812,0.34285714285714275
4215.785602868646,0.34285714285714275
4217.473980044656,0.34285714285714275
4225.51141199313,0.33826530612244887
4237.042444443464,0.33826530612244887
4241.63466750888,0.34285714285714275
4222.833719508832,0.34285714285714275
4201.071973827597,0.34285714285714275
4199.608438210782,0.34285714285714275
4209.296913431086,0.33826530612244887
4226.201027515394,0.333673469387755
4231.92752518646,0.333673469387755
4209.945954889719,0.33826530612244887
4188.261320712715,0.34285714285714275
4186.593059980149,0.34285714285714275
4191.8890072045415,0.33826530612244887
4203.453183129618,0.333673469387755
4217.312991036122,0.333673469387755
4207.34205640521,0.33826530612244887
4189.717356920184,0.33826530612244887
4191.483404077949,0.333673469387755
4200.378765142812,0.333673469387755
4216.2288161615015,0.32448979591836724
4235.3246083954145,0.32448979591836724
4218.465489677827,0.33826530612244887
4184.020452299499,0.34285714285714275
4174.545153313151,0.33826530612244887
4176.448467802999,0.3290816326530611
4186.674210740732,0.32448979591836724
4202.380927930564,0.32448979591836724
4196.282950767763,0.333673469387755
4181.209297653686,0.333673469387755
4184.327991967997,0.32448979591836724
4197.75066972756,0.32448979591836724
4222.41368506567,0.31989795918367336
4247.096723163822,0.31989795918367336
4236.224128022399,0.333673469387755
4211.941795337023,0.34285714285714275
4205.357867597788,0.34285714285714275
4199.049626017177,0.34285714285714275
4207.755770181368,0.333673469387755
4227.338372625229,0.33826530612244887
4208.152977145517,0.3474489795918366
4182.557562714546,0.34285714285714275
4178.784393408789,0.34285714285714275
4161.222407316442,0.34285714285714275
4148.041965060709,0.3290816326530611
4150.198510819767,0.31989795918367336
4133.309578248074,0.333673469387755
4108.889029665,0.333673469387755
4096.124549476075,0.31989795918367336
4090.198985328881,0.3107142857142856
4104.968857913106,0.3107142857142856
4117.660565720185,0.3153061224489795
4088.818776492615,0.3290816326530611
4047.391440589905,0.333673469387755
4028.4725782468845,0.31989795918367336
4026.933886005185,0.3107142857142856
4044.6810411059623,0.296938775510204
4058.7569436173208,0.296938775510204
4032.7239405753135,0.30153061224489786
4007.583065698893,0.296938775510204
4007.831356076568,0.2877551020408162
4022.7594734122154,0.28316326530612235
3993.385260094241,0.2923469387755101
3955.0861017987168,0.2923469387755101
3936.7342828472183,0.2923469387755101
3904.505961024468,0.2877551020408162
3884.0625035058706,0.30153061224489786
3862.5444617640687,0.30612244897959173
3813.802598432275,0.2739795918367346
3773.5497881143447,0.2510204081632652
3816.4668589045377,0.2096938775510203
3946.3447349326307,0.2096938775510203
4065.3075145866255,0.24183673469387745
4106.631597924839,0.24642857142857133
4084.608168100872,0.2739795918367346
4049.146273339481,0.30153061224489786
4041.1826258571764,0.3107142857142856
4038.982865103603,0.3107142857142856
4050.4691960304076,0.30612244897959173
4061.3800752778798,0.30612244897959173
4044.087777682431,0.3107142857142856
4033.5481830292856,0.3107142857142856
4037.0160249088894,0.30153061224489786
4037.0891392278236,0.30153061224489786
4051.4730015131845,0.30153061224489786
4068.4607847915,0.30153061224489786
4048.3072705735976,0.30153061224489786
4028.341510707964,0.296938775510204
4027.167666782613,0.296938775510204
4016.587503607203,0.296938775510204
4032.3620557867844,0.2877551020408162
4068.603393489776,0.28316326530612235
4066.0314592146888,0.2923469387755101
4060.7365801878004,0.30153061224489786
4084.3955197074774,0.30153061224489786
4103.312145942005,0.30153061224489786
4128.158404744117,0.30612244897959173
4142.7620093919395,0.30612244897959173
4117.314883358874,0.3107142857142856
4101.009502837727,0.3153061224489795
4107.265095896746,0.3153061224489795
4119.405053592105,0.3107142857142856
4157.988880667059,0.30612244897959173
4192.688833824215,0.30612244897959173
4181.79768881225,0.3153061224489795
4162.672214665026,0.32448979591836724
4167.0858998084,0.31989795918367336
4175.274559920351,0.31989795918367336
4197.991766629433,0.31989795918367336
4220.80704412245,0.31989795918367336
4203.318168862004,0.333673469387755
4182.063942035254,0.333673469387755
4186.177597549034,0.31989795918367336
4193.167994822644,0.31989795918367336
4215.402218181429,0.31989795918367336
4234.765172178513,0.31989795918367336
4217.475409965532,0.333673469387755
4196.5744249027,0.333673469387755
4196.373675382052,0.31989795918367336
4209.517884451455,0.31989795918367336
4239.7085766440705,0.31989795918367336
4267.535943290511,0.31989795918367336
4262.1175603049305,0.333673469387755
4249.094958882643,0.333673469387755
4258.029653058244,0.32448979591836724
4268.4778591918275,0.3290816326530611
4284.749092109572,0.3290816326530611
4300.8760354331025,0.333673469387755
4282.231027426517,0.34285714285714275
4261.188929836439,0.33826530612244887
4270.055264629377,0.32448979591836724
4284.221112414389,0.32448979591836724
4306.952457929864,0.333673469387755
4324.407678207069,0.34285714285714275
4293.960009960469,0.3474489795918366
4262.381508198996,0.33826530612244887
4268.211855359101,0.3290816326530611
4277.342337522834,0.3290816326530611
4293.590042640225,0.333673469387755
4310.4042519512495,0.34285714285714275
4287.876224301795,0.3474489795918366
4246.301068451261,0.3474489795918366
4236.28423786867,0.33826530612244887
4249.166511709363,0.3290816326530611
4271.9519354529475,0.3290816326530611
4292.858961844226,0.333673469387755
4278.192003436375,0.34285714285714275
4258.883746898433,0.34285714285714275
4262.136816190229,0.333673469387755
4261.598682519487,0.3290816326530611
4268.431508365875,0.3290816326530611
4283.263251208597,0.3290816326530611
4270.121592617281,0.333673469387755
4250.581369838215,0.333673469387755
4255.657457017747,0.32448979591836724
4263.400835374274,0.32448979591836724
4269.765758063412,0.32448979591836724
4271.219192369808,0.32448979591836724
4243.974845919709,0.33826530612244887
4213.351966943059,0.33826530612244887
4218.438014736438,0.3290816326530611
4239.98933605756,0.3290816326530611
4265.580614969057,0.3290816326530611
4286.116843758816,0.333673469387755
4266.642288456699,0.34285714285714275
4230.196822161921,0.34285714285714275
4221.066769742078,0.333673469387755
4229.790315133885,0.3290816326530611
4251.658232891548,0.3290816326530611
4272.651339225469,0.3290816326530611
4251.42543988091,0.33826530612244887
4226.670608053942,0.33826530612244887
4234.987747977811,0.3290816326530611
4247.1219770047355,0.3290816326530611
4265.918003004584,0.3290816326530611
4284.40163510582,0.333673469387755
4265.222062865501,0.33826530612244887
4235.297852961374,0.333673469387755
4228.838742728831,0.32448979591836724
4225.380316737083,0.32448979591836724
4224.068448611148,0.3290816326530611
4225.749179569785,0.3290816326530611
4217.36085980869,0.32448979591836724
4213.951677289482,0.31989795918367336
4225.821824178446,0.31989795918367336
4233.408141630978,0.31989795918367336
4239.260553974464,0.32448979591836724
4244.588166724243,0.3290816326530611
4232.027251148615,0.3290816326530611
4222.636020387114,0.32448979591836724
4231.87058926196,0.31989795918367336
4242.3815953889025,0.32448979591836724
4261.8180585170485,0.32448979591836724
4280.644996680563,0.3290816326530611
4270.979278427152,0.33826530612244887
4254.658073801962,0.33826530612244887
4248.62094475204,0.333673469387755
4234.982281118073,0.3290816326530611
4224.6366088037175,0.3290816326530611
4221.341063427677,0.3290816326530611
4203.132753154874,0.32448979591836724
4182.632656278612,0.31989795918367336
4176.437476856749,0.31989795918367336
4175.437238631103,0.31989795918367336
4184.521443633729,0.31989795918367336
4196.271226523202,0.31989795918367336
4187.921209514693,0.31989795918367336
4177.159253400946,0.31989795918367336
4176.659137218119,0.31989795918367336
4175.858577611421,0.31989795918367336
4186.129254735351,0.31989795918367336
4197.434123991614,0.31989795918367336
4183.7085626911075,0.31989795918367336
4167.100280819235,0.31989795918367336
4163.1477979140345,0.34285714285714275
4164.8466245128,0.34285714285714275
4123.970549692274,0.34285714285714275
4093.9659516999786,0.333673469387755
4101.8649702996645,0.333673469387755
4084.184827172621,0.33826530612244887
4053.120800857557,0.3566326530612244
4006.786101904623,0.36581632653061213
3936.678717251378,0.34285714285714275
3907.5789656472393,0.3107142857142856
3959.759410321897,0.2693877551020407
4079.8138639259605,0.27857142857142847
4181.96783167222,0.296938775510204
4201.773935947729,0.30153061224489786
4166.747366486033,0.3290816326530611
4134.015962616102,0.33826530612244887
4140.623277712382,0.33826530612244887
4156.621191871948,0.34285714285714275
4155.345751106781,0.34285714285714275
4152.703972767213,0.34285714285714275
4148.769832925615,0.34285714285714275
4139.963227577093,0.34285714285714275
4147.478285231406,0.34285714285714275
4158.753724283899,0.34285714285714275
4175.066461410219,0.34285714285714275
4184.519019485126,0.34285714285714275
4167.153673547338,0.34285714285714275
4156.223368952379,0.34285714285714275
4169.86942360476,0.34285714285714275
4181.68202406881,0.34285714285714275
4190.27431683871,0.34285714285714275
4191.844568881646,0.34285714285714275
4176.70335807751,0.34285714285714275
4158.693823565,0.34285714285714275
4154.63703989788,0.34285714285714275
4166.467423627242,0.333673469387755
4191.160122141975,0.3290816326530611
4212.426204985214,0.33826530612244887
4213.186289518152,0.34285714285714275
4216.426234849296,0.34285714285714275
4230.850954979368,0.34285714285714275
4232.882203456091,0.34285714285714275
4235.755948473417,0.34285714285714275
4243.61892249355,0.34285714285714275
4227.595064205336,0.3474489795918366
4205.715113739221,0.3474489795918366
4201.377642560714,0.34285714285714275
4207.992112976579,0.33826530612244887
4226.453542140958,0.33826530612244887
4246.283558142846,0.34285714285714275
4253.045973459614,0.34285714285714275
4266.0354981382625,0.34285714285714275
4286.524992914428,0.3474489795918366
4304.333791170015,0.3520408163265305
4322.181215021101,0.3474489795918366
4332.469149585493,0.3474489795918366
4323.438783220622,0.3520408163265305
4312.929112389137,0.3520408163265305
4313.935162174177,0.3474489795918366
4314.058586605761,0.3474489795918366
4310.649052193707,0.3520408163265305
4296.851565201709,0.3520408163265305
4263.328824358994,0.3566326530612244
4230.3386342921585,0.3566326530612244
4221.370296976074,0.3474489795918366
4223.744459292038,0.34285714285714275
4238.889486711323,0.34285714285714275
4248.736678795755,0.34285714285714275
4227.537832030539,0.34285714285714275
4202.474620470508,0.34285714285714275
4198.509730871603,0.34285714285714275
4205.612330123354,0.34285714285714275
4217.391152366025,0.34285714285714275
4227.348155849886,0.34285714285714275
4224.387073542022,0.34285714285714275
4218.4856893095675,0.333673469387755
4219.978672658776,0.333673469387755
4227.7260862526555,0.34285714285714275
4243.150144195764,0.33826530612244887
4248.035025515496,0.33826530612244887
4221.660867106082,0.34285714285714275
4192.73545315431,0.34285714285714275
4188.125884827066,0.34285714285714275
4194.329738279038,0.34285714285714275
4209.401663123521,0.34285714285714275
4232.555289172016,0.33826530612244887
4238.838708766633,0.33826530612244887
4242.120181395045,0.33826530612244887
4254.859942481962,0.33826530612244887
4271.111853153743,0.33826530612244887
4289.420824569283,0.33826530612244887
4298.011810501086,0.3474489795918366
4288.259403768627,0.3520408163265305
4270.266468174148,0.3520408163265305
4260.214320899896,0.3474489795918366
4248.859220318912,0.3474489795918366
4250.001222190254,0.3474489795918366
4255.921832632845,0.3474489795918366
4241.9076124671965,0.3474489795918366
4240.889596006988,0.3474489795918366
4250.004680189637,0.3474489795918366
4256.389590649798,0.3474489795918366
4268.5379506003555,0.3474489795918366
4274.833070796682,0.3474489795918366
4260.595322041529,0.3520408163265305
4233.456932640014,0.3520408163265305
4218.019587872654,0.3474489795918366
4206.545627214919,0.3474489795918366
4199.768694917302,0.3474489795918366
4196.474030855386,0.33826530612244887
4178.064790318496,0.33826530612244887
4162.770919375297,0.333673469387755
4165.925703119236,0.32448979591836724
4173.320859677641,0.32448979591836724
4206.891646278808,0.31989795918367336
4258.257737747083,0.31989795918367336
4270.963494983009,0.333673469387755
4255.752072786431,0.33826530612244887
4246.445743018583,0.33826530612244887
4245.195880902231,0.33826530612244887
4251.009999443624,0.333673469387755
4252.204339120853,0.34285714285714275
4228.106157765996,0.3474489795918366
4201.203158640664,0.33826530612244887
4191.3487445961855,0.333673469387755
4190.347425625012,0.333673469387755
4210.099883766901,0.3290816326530611
4229.913068748901,0.3290816326530611
4227.336632229747,0.33826530612244887
4219.403583062778,0.33826530612244887
4213.317652286244,0.33826530612244887
4204.709883114459,0.33826530612244887
4224.445702142729,0.32448979591836724
4253.867702887886,0.32448979591836724
4239.450877737666,0.33826530612244887
4210.406347782289,0.34285714285714275
4199.73942592626,0.34285714285714275
4198.712197590847,0.33826530612244887
4227.944488319368,0.3290816326530611
4260.782952100573,0.3290816326530611
4241.335261009317,0.33826530612244887
4216.014219703868,0.34285714285714275
4214.084014478325,0.34285714285714275
4213.739903714687,0.34285714285714275
4228.428397491856,0.333673469387755
4241.745600642025,0.3290816326530611
4221.816298447113,0.33826530612244887
4217.620956633335,0.34285714285714275
4232.075802346257,0.333673469387755
4236.668838925738,0.33826530612244887
4257.911935241788,0.33826530612244887
4278.895903340355,0.33826530612244887
4261.498330112512,0.3520408163265305
4232.896710943693,0.3520408163265305
4220.192392193258,0.3474489795918366
4218.767754623612,0.3474489795918366
4193.380743788188,0.3474489795918366
4158.436095917709,0.33826530612244887
4129.409610516431,0.33826530612244887
4098.847131912491,0.333673469387755
4062.939551786828,0.3520408163265305
4011.117904418212,0.3566326530612244
3947.7279004658567,0.3153061224489795
3907.558182861506,0.2923469387755101
2633.3949158782643,0.08597290342252542
883.9324840514859,-0.03494546392441331
400.0,-0.03494546392441331
1076.8123661621128,-0.24566326530612245
2077.275708316767,-0.48137755102040813
2640.894238395147,-0.4301020408163265
3062.8508972706477,-0.29387755102040825
3357.4398112765703,-0.23571428571428582
3556.039078429444,-0.13928571428571437
3708.0233411885038,-0.030612244897959152
3820.084844217023,0.04209183673469394
3919.7489591758444,0.09642857142857157
4002.6708282541276,0.14464285714285732
4078.9220564508123,0.17678571428571435
4155.201799747307,0.20892857142857152
4191.699793399974,0.23571428571428577
4198.817296335757,0.26785714285714285
4222.883681394014,0.3000000000000001
4261.3274632161465,0.31607142857142867
4300.745785930229,0.34744897959183685
4338.5546656891565,0.3635204081632654
4358.620514426805,0.36581632653061236
4361.126864468064,0.37806122448979596
4368.145770402897,0.39030612244897966
4387.659603879911,0.40102040816326534
4412.346359047636,0.40102040816326534
4440.13887640775,0.39489795918367354
4447.430311347325,0.40714285714285725
4414.957559007431,0.42551020408163276
4377.0242383433715,0.43163265306122456
4365.424692567176,0.43163265306122456
4373.012590596647,0.43163265306122456
4395.407925722253,0.4255102040816327
4409.0615401511095,0.41938775510204085
4387.1253019466385,0.42551020408163276
4354.847566673094,0.43163265306122456
4330.918741233152,0.43163265306122456
4316.42734601538,0.43163265306122456
4321.847156167865,0.41938775510204085
4315.325936125732,0.41326530612244905
4281.4663103822295,0.42551020408163276
4264.520651908166,0.4255102040816327
4268.739800653906,0.41326530612244905
4271.235868423632,0.40102040816326534
4277.410571503757,0.39489795918367354
4273.830601211896,0.39489795918367354
4254.668405171122,0.3887755102040817
4262.270100882628,0.38265306122448983
4294.717481107913,0.38265306122448983
4322.592489006973,0.3887755102040817
4355.047105546523,0.39489795918367354
4375.441492957275,0.40714285714285725
4369.326906428947,0.42551020408163276
4365.1373151919715,0.42551020408163276
4358.476807831022,0.42551020408163276
4355.46700204803,0.43163265306122456
4377.947355259399,0.4255102040816327
4386.949810133095,0.4255102040816327
4367.963636241552,0.43163265306122456
4365.264561955373,0.42551020408163276
4366.175004238463,0.42551020408163276
4357.162733097372,0.43163265306122456
4362.120708395973,0.4255102040816327
4362.879364104122,0.41938775510204085
4337.952816259054,0.42551020408163276
4312.714524472001,0.42551020408163276
4304.40956895381,0.41326530612244905
4306.026028219885,0.41326530612244905
4316.4386070810315,0.40714285714285725
4315.8844829957,0.40102040816326534
4298.381246779864,0.4071428571428572
4293.4901167172775,0.4071428571428572
4295.339208659683,0.40102040816326534
4293.4247062585455,0.40102040816326534
4309.830169986871,0.40102040816326534
4312.067420747326,0.40102040816326534
4289.596671177512,0.4071428571428572
4286.70168952295,0.4071428571428572
4295.12011379957,0.40102040816326534
4297.994502668694,0.40102040816326534
4311.609302283251,0.40102040816326534
4317.188837251293,0.40102040816326534
4305.583103785485,0.40102040816326534
4307.5634074383015,0.40102040816326534
4313.838937698013,0.40102040816326534
4316.721085897329,0.40102040816326534
4328.561989170908,0.40102040816326534
4330.901533244582,0.40102040816326534
4316.134869704184,0.4071428571428572
4318.6254134041565,0.4071428571428572
4331.693573475131,0.40102040816326534
4342.518462005903,0.40102040816326534
4365.247511987469,0.40102040816326534
4369.7436322483845,0.40714285714285725
4344.636317820232,0.41938775510204085
4326.12417605361,0.41938775510204085
4316.723612199587,0.41326530612244905
4304.989692724701,0.41326530612244905
4307.599246165216,0.40714285714285725
4310.704339227283,0.40102040816326534
4298.7993692652235,0.4071428571428572
4298.475038476219,0.4071428571428572
4304.16107156818,0.40102040816326534
4298.96836046868,0.3887755102040817
4303.182968541589,0.3887755102040817
4307.457260695042,0.40102040816326534
4299.942217074699,0.40102040816326534
4303.903792582505,0.3887755102040817
4309.816145125142,0.3887755102040817
4310.945985622416,0.40102040816326534
4321.600699428038,0.40102040816326534
4320.113433940483,0.40102040816326534
4299.372768404815,0.40102040816326534
4293.930070080514,0.4255102040816327
4296.649911235619,0.4255102040816327
4296.376059171448,0.41326530612244905
4308.708735681622,0.41326530612244905
4313.178656497785,0.4255102040816327
4294.868011721153,0.4255102040816327
4282.007671941923,0.4255102040816327
4279.411254288814,0.4255102040816327
4277.103495407493,0.41326530612244905
4296.645520139984,0.4071428571428572
4314.637991100692,0.41938775510204085
4301.963115182867,0.43163265306122456
4297.958042114062,0.4377551020408164
4306.321379936037,0.43163265306122456
4300.46514788459,0.43163265306122456
4293.855166111116,0.43163265306122456
4286.657960897867,0.43163265306122456
4264.502259168824,0.43163265306122456
4243.1651833969045,0.4255102040816327
4234.82616980811,0.4255102040816327
4234.624717853456,0.41938775510204085
4251.3463787054025,0.41326530612244905
4263.401013264798,0.41326530612244905
4254.193789555471,0.41326530612244905
4256.990171167499,0.4071428571428572
4267.449007347195,0.4071428571428572
4258.010388951812,0.41938775510204085
4230.581807334761,0.4255102040816327
4216.871692375058,0.4255102040816327
4211.210276001831,0.4255102040816327
4174.504116161163,0.4255102040816327
4130.577555580524,0.45000000000000007
4078.2113627432645,0.45000000000000007
4024.618397151841,0.41326530612244905
4020.171156071689,0.376530612244898
4119.164330824489,0.3459183673469388
4270.659769980456,0.3826530612244899
4356.774271308557,0.40714285714285725
4363.472302294269,0.41938775510204085
4325.871442616415,0.45612244897959187
4309.306206926842,0.45000000000000007
4299.624790544761,0.45000000000000007
4303.611794831675,0.45000000000000007
4310.319303271768,0.44387755102040827
4286.4410417977,0.45000000000000007
4267.0726970138785,0.45000000000000007
4272.2436220398085,0.44387755102040827
4294.7030508524895,0.43163265306122456
4320.824449567002,0.43163265306122456
4349.72373625268,0.43163265306122456
4351.8627434414175,0.43163265306122456
4334.076241097289,0.4377551020408164
4332.343132534097,0.4377551020408164
4338.502603833971,0.4377551020408164
4339.348347437993,0.4377551020408164
4338.635123997938,0.4377551020408164
4323.937108185693,0.4377551020408164
4298.330692524869,0.43163265306122456
4299.531727623029,0.43163265306122456
4317.888098639633,0.43163265306122456
4318.891071454007,0.43163265306122456
4314.891377811466,0.43163265306122456
4307.796085956038,0.43163265306122456
4288.853296563579,0.43163265306122456
4277.954350097578,0.43163265306122456
4274.486250622989,0.43163265306122456
4273.917930225114,0.41938775510204085
4289.863975442819,0.41326530612244905
4310.156302975191,0.41326530612244905
4310.893275492081,0.41326530612244905
4303.194468329869,0.41326530612244905
4302.473380977972,0.41326530612244905
4307.975110077377,0.4071428571428572
4311.573048595006,0.4071428571428572
4304.968754639253,0.41326530612244905
4286.480305901706,0.41326530612244905
4273.52894586639,0.4071428571428572
4274.473973913988,0.4071428571428572
4276.510632611464,0.4071428571428572
4286.64139967512,0.40102040816326534
4293.813807697159,0.4071428571428572
4285.151327562289,0.41326530612244905
4280.302705010583,0.4071428571428572
4276.6984781144265,0.40102040816326534
4270.133645672354,0.40102040816326534
4273.995258887871,0.40102040816326534
4268.321903299677,0.4071428571428572
4258.487191233459,0.4071428571428572
4272.636726361423,0.40102040816326534
4290.337121550481,0.40102040816326534
4292.927712488471,0.40102040816326534
4288.141133252242,0.4071428571428572
4279.738125703575,0.41326530612244905
4261.626230163589,0.4071428571428572
4246.58804461366,0.40102040816326534
4246.926263467156,0.40102040816326534
4254.929369368788,0.40102040816326534
4269.583466215081,0.40102040816326534
4276.986220222034,0.4071428571428572
4268.009555769785,0.41326530612244905
4261.801912380193,0.4071428571428572
4256.5022759671665,0.39489795918367354
4250.173919484213,0.39489795918367354
4261.884718887744,0.40102040816326534
4280.549865171531,0.40102040816326534
4283.600927064192,0.40102040816326534
4281.861322700928,0.40102040816326534
4283.040776449369,0.3887755102040817
4291.8067186254275,0.3887755102040817
